{
  "epoch": 0,
  "train_step": 0.7597531378269196,
  "train_roll": 1.3508552014827728,
  "train_slow": 0.00016626124852336943,
  "train_jump": 0.500744603574276,
  "train_total": 2.1156323552131653,
  "train_law_beta_mean": 1.0109502077102661,
  "val_step": 0.7207741588354111,
  "val_roll": 1.2466022670269012,
  "val_slow": 0.00013522531298804097,
  "val_jump": 0.4953650236129761,
  "val_total": 1.972343534231186,
  "val_law_beta_mean": 1.004739373922348
}